{"cameraMode":{"drawMode":0,"name":"Shaded","section":"Shading Mode"},"sceneLighting":false,"audioPlay":false,"sceneViewState":{"m_AlwaysRefresh":false,"showFog":true,"showSkybox":false,"showFlares":true,"showImageEffects":true,"showParticleSystems":true,"showVisualEffectGraphs":true,"m_FxEnabled":true},"in2DMode":false,"pivot":{"x":41.38999938964844,"y":4.629000186920166,"z":25.799999237060548},"rotation":{"x":-0.11311192810535431,"y":0.02772429957985878,"z":-0.003156812861561775,"w":-0.9931957125663757},"size":7.5742998123168949,"orthographic":false}